Type,Name,Request Count,Failure Count,Median Response Time,Average Response Time,Min Response Time,Max Response Time,Average Content Size,Requests/s,Failures/s,50%,66%,75%,80%,90%,95%,98%,99%,99.9%,99.99%,100%
POST,/shorten,520,0,220.0,222.352970191591,13.104100013151765,539.9124000687152,189.91153846153847,8.73653905496444,0.0,220,250,260,270,290,320,340,370,540,540,540
GET,/{short_code},9335,0,230.0,225.80447003712263,5.543600069358945,585.7294999295846,0.0,156.8376770732559,0.0,230,250,270,280,310,330,360,390,550,590,590
,Aggregated,9855,0,230.0,225.62235132381198,5.543600069358945,585.7294999295846,10.020700152207002,165.5742161282203,0.0,230,250,270,280,310,330,360,390,550,590,590
